<?xml version="1.0" encoding="UTF-8" standalone="no"?>
<?fileVersion 4.0.0?>

<cproject storage_type_id="org.eclipse.cdt.core.XmlProjectDescriptionStorage">
	<storageModule configRelations="2" moduleId="org.eclipse.cdt.core.settings">
		<cconfiguration id="com.ti.ccstudio.buildDefinitions.TMS470.Debug.255489592">
			<storageModule buildSystemId="org.eclipse.cdt.managedbuilder.core.configurationDataProvider" id="com.ti.ccstudio.buildDefinitions.TMS470.Debug.255489592" moduleId="org.eclipse.cdt.core.settings" name="Debug">
				<externalSettings/>
				<extensions>
					<extension id="com.ti.ccstudio.binaryparser.CoffParser" point="org.eclipse.cdt.core.BinaryParser"/>
					<extension id="com.ti.ccstudio.errorparser.CoffErrorParser" point="org.eclipse.cdt.core.ErrorParser"/>
					<extension id="com.ti.ccstudio.errorparser.LinkErrorParser" point="org.eclipse.cdt.core.ErrorParser"/>
					<extension id="com.ti.ccstudio.errorparser.AsmErrorParser" point="org.eclipse.cdt.core.ErrorParser"/>
				</extensions>
			</storageModule>
			<storageModule moduleId="cdtBuildSystem" version="4.0.0">
				<configuration artifactExtension="out" artifactName="${ProjName}" buildProperties="" cleanCommand="${CG_CLEAN_CMD}" description="" id="com.ti.ccstudio.buildDefinitions.TMS470.Debug.255489592" name="Debug" parent="com.ti.ccstudio.buildDefinitions.TMS470.Debug">
					<folderInfo id="com.ti.ccstudio.buildDefinitions.TMS470.Debug.255489592." name="/" resourcePath="">
						<toolChain id="com.ti.ccstudio.buildDefinitions.TMS470_5.1.exe.DebugToolchain.1019112256" name="TI Build Tools" superClass="com.ti.ccstudio.buildDefinitions.TMS470_5.1.exe.DebugToolchain" targetTool="com.ti.ccstudio.buildDefinitions.TMS470_5.1.exe.linkerDebug.581765762">
							<option id="com.ti.ccstudio.buildDefinitions.core.OPT_TAGS.1838753902" superClass="com.ti.ccstudio.buildDefinitions.core.OPT_TAGS" valueType="stringList">
								<listOptionValue builtIn="false" value="DEVICE_CONFIGURATION_ID=Cortex M.TM4C123GH6PM"/>
								<listOptionValue builtIn="false" value="DEVICE_ENDIANNESS=little"/>
								<listOptionValue builtIn="false" value="OUTPUT_FORMAT=ELF"/>
								<listOptionValue builtIn="false" value="CCS_MBS_VERSION=5.5.0"/>
								<listOptionValue builtIn="false" value="LINKER_COMMAND_FILE=grlib_demo_ccs.cmd"/>
								<listOptionValue builtIn="false" value="RUNTIME_SUPPORT_LIBRARY=libc.a"/>
								<listOptionValue builtIn="false" value="OUTPUT_TYPE=executable"/>
							</option>
							<option id="com.ti.ccstudio.buildDefinitions.core.OPT_CODEGEN_VERSION.2117815391" name="Compiler version" superClass="com.ti.ccstudio.buildDefinitions.core.OPT_CODEGEN_VERSION" value="5.1.1" valueType="string"/>
							<targetPlatform id="com.ti.ccstudio.buildDefinitions.TMS470_5.1.exe.targetPlatformDebug.579315179" name="Platform" superClass="com.ti.ccstudio.buildDefinitions.TMS470_5.1.exe.targetPlatformDebug"/>
							<builder buildPath="${BuildDirectory}" id="com.ti.ccstudio.buildDefinitions.TMS470_5.1.exe.builderDebug.235733525" keepEnvironmentInBuildfile="false" name="GNU Make" superClass="com.ti.ccstudio.buildDefinitions.TMS470_5.1.exe.builderDebug"/>
							<tool id="com.ti.ccstudio.buildDefinitions.TMS470_5.1.exe.compilerDebug.1414502549" name="ARM Compiler" superClass="com.ti.ccstudio.buildDefinitions.TMS470_5.1.exe.compilerDebug">
								<option id="com.ti.ccstudio.buildDefinitions.TMS470_5.1.compilerID.SILICON_VERSION.1721996577" name="Target processor version (--silicon_version, -mv)" superClass="com.ti.ccstudio.buildDefinitions.TMS470_5.1.compilerID.SILICON_VERSION" value="com.ti.ccstudio.buildDefinitions.TMS470_5.1.compilerID.SILICON_VERSION.7M4" valueType="enumerated"/>
								<option id="com.ti.ccstudio.buildDefinitions.TMS470_5.1.compilerID.CODE_STATE.605352199" name="Designate code state, 16-bit (thumb) or 32-bit (--code_state)" superClass="com.ti.ccstudio.buildDefinitions.TMS470_5.1.compilerID.CODE_STATE" value="com.ti.ccstudio.buildDefinitions.TMS470_5.1.compilerID.CODE_STATE.16" valueType="enumerated"/>
								<option id="com.ti.ccstudio.buildDefinitions.TMS470_5.1.compilerID.ABI.2017096188" name="Application binary interface. [See 'General' page to edit] (--abi)" superClass="com.ti.ccstudio.buildDefinitions.TMS470_5.1.compilerID.ABI" value="com.ti.ccstudio.buildDefinitions.TMS470_5.1.compilerID.ABI.eabi" valueType="enumerated"/>
								<option id="com.ti.ccstudio.buildDefinitions.TMS470_5.1.compilerID.FLOAT_SUPPORT.1421510521" name="Specify floating point support (--float_support)" superClass="com.ti.ccstudio.buildDefinitions.TMS470_5.1.compilerID.FLOAT_SUPPORT" value="com.ti.ccstudio.buildDefinitions.TMS470_5.1.compilerID.FLOAT_SUPPORT.FPv4SPD16" valueType="enumerated"/>
								<option id="com.ti.ccstudio.buildDefinitions.TMS470_5.1.compilerID.LITTLE_ENDIAN.132572185" name="Little endian code [See 'General' page to edit] (--little_endian, -me)" superClass="com.ti.ccstudio.buildDefinitions.TMS470_5.1.compilerID.LITTLE_ENDIAN" value="true" valueType="boolean"/>
								<option id="com.ti.ccstudio.buildDefinitions.TMS470_5.1.compilerID.DEBUGGING_MODEL.161067457" name="Debugging model" superClass="com.ti.ccstudio.buildDefinitions.TMS470_5.1.compilerID.DEBUGGING_MODEL" value="com.ti.ccstudio.buildDefinitions.TMS470_5.1.compilerID.DEBUGGING_MODEL.SYMDEBUG__DWARF" valueType="enumerated"/>
								<option id="com.ti.ccstudio.buildDefinitions.TMS470_5.1.compilerID.INCLUDE_PATH.1168973206" name="Add dir to #include search path (--include_path, -I)" superClass="com.ti.ccstudio.buildDefinitions.TMS470_5.1.compilerID.INCLUDE_PATH" valueType="includePath">
									<listOptionValue builtIn="false" value="&quot;${CG_TOOL_ROOT}/include&quot;"/>
									<listOptionValue builtIn="false" value="&quot;${TIVAWARE_INSTALL}&quot;"/>
								</option>
								<option id="com.ti.ccstudio.buildDefinitions.TMS470_5.1.compilerID.DEFINE.2101404616" name="Pre-define NAME (--define, -D)" superClass="com.ti.ccstudio.buildDefinitions.TMS470_5.1.compilerID.DEFINE" valueType="definedSymbols">
									<listOptionValue builtIn="false" value="ccs=&quot;ccs&quot;"/>
									<listOptionValue builtIn="false" value="PART_TM4C123GH6PM"/>
									<listOptionValue builtIn="false" value="TARGET_IS_BLIZZARD_RB1"/>
								</option>
								<option id="com.ti.ccstudio.buildDefinitions.TMS470_5.1.compilerID.DIAG_WARNING.1367975546" name="Treat diagnostic &lt;id&gt; as warning (--diag_warning, -pdsw)" superClass="com.ti.ccstudio.buildDefinitions.TMS470_5.1.compilerID.DIAG_WARNING" valueType="stringList">
									<listOptionValue builtIn="false" value="225"/>
								</option>
								<option id="com.ti.ccstudio.buildDefinitions.TMS470_5.1.compilerID.DISPLAY_ERROR_NUMBER.623890449" name="Emit diagnostic identifier numbers (--display_error_number, -pden)" superClass="com.ti.ccstudio.buildDefinitions.TMS470_5.1.compilerID.DISPLAY_ERROR_NUMBER" value="true" valueType="boolean"/>
								<option id="com.ti.ccstudio.buildDefinitions.TMS470_5.1.compilerID.DIAG_WRAP.1525413568" name="Wrap diagnostic messages (--diag_wrap)" superClass="com.ti.ccstudio.buildDefinitions.TMS470_5.1.compilerID.DIAG_WRAP" value="com.ti.ccstudio.buildDefinitions.TMS470_5.1.compilerID.DIAG_WRAP.off" valueType="enumerated"/>
								<inputType id="com.ti.ccstudio.buildDefinitions.TMS470_5.1.compiler.inputType__C_SRCS.1943262419" name="C Sources" superClass="com.ti.ccstudio.buildDefinitions.TMS470_5.1.compiler.inputType__C_SRCS"/>
								<inputType id="com.ti.ccstudio.buildDefinitions.TMS470_5.1.compiler.inputType__CPP_SRCS.1194791579" name="C++ Sources" superClass="com.ti.ccstudio.buildDefinitions.TMS470_5.1.compiler.inputType__CPP_SRCS"/>
								<inputType id="com.ti.ccstudio.buildDefinitions.TMS470_5.1.compiler.inputType__ASM_SRCS.1112502711" name="Assembly Sources" superClass="com.ti.ccstudio.buildDefinitions.TMS470_5.1.compiler.inputType__ASM_SRCS"/>
								<inputType id="com.ti.ccstudio.buildDefinitions.TMS470_5.1.compiler.inputType__ASM2_SRCS.1388958243" name="Assembly Sources" superClass="com.ti.ccstudio.buildDefinitions.TMS470_5.1.compiler.inputType__ASM2_SRCS"/>
							</tool>
							<tool id="com.ti.ccstudio.buildDefinitions.TMS470_5.1.exe.linkerDebug.581765762" name="ARM Linker" superClass="com.ti.ccstudio.buildDefinitions.TMS470_5.1.exe.linkerDebug">
								<option id="com.ti.ccstudio.buildDefinitions.TMS470_5.1.linkerID.OUTPUT_FILE.804376946" name="Specify output file name (--output_file, -o)" superClass="com.ti.ccstudio.buildDefinitions.TMS470_5.1.linkerID.OUTPUT_FILE" value="&quot;${ProjName}.out&quot;" valueType="string"/>
								<option id="com.ti.ccstudio.buildDefinitions.TMS470_5.1.linkerID.STACK_SIZE.530578255" name="Set C system stack size (--stack_size, -stack)" superClass="com.ti.ccstudio.buildDefinitions.TMS470_5.1.linkerID.STACK_SIZE" value="1024" valueType="string"/>
								<option id="com.ti.ccstudio.buildDefinitions.TMS470_5.1.linkerID.MAP_FILE.398736663" name="Input and output sections listed into &lt;file&gt; (--map_file, -m)" superClass="com.ti.ccstudio.buildDefinitions.TMS470_5.1.linkerID.MAP_FILE" value="&quot;${ProjName}.map&quot;" valueType="string"/>
								<option id="com.ti.ccstudio.buildDefinitions.TMS470_5.1.linkerID.HEAP_SIZE.1709670165" name="Heap size for C/C++ dynamic memory allocation (--heap_size, -heap)" superClass="com.ti.ccstudio.buildDefinitions.TMS470_5.1.linkerID.HEAP_SIZE" value="0" valueType="string"/>
								<option id="com.ti.ccstudio.buildDefinitions.TMS470_5.1.linkerID.SEARCH_PATH.276930014" name="Add &lt;dir&gt; to library search path (--search_path, -i)" superClass="com.ti.ccstudio.buildDefinitions.TMS470_5.1.linkerID.SEARCH_PATH" valueType="libPaths">
									<listOptionValue builtIn="false" value="&quot;${CG_TOOL_ROOT}/lib&quot;"/>
									<listOptionValue builtIn="false" value="&quot;${CG_TOOL_ROOT}/include&quot;"/>
								</option>
								<option id="com.ti.ccstudio.buildDefinitions.TMS470_5.1.linkerID.DISPLAY_ERROR_NUMBER.1625280010" name="Emit diagnostic identifier numbers (--display_error_number)" superClass="com.ti.ccstudio.buildDefinitions.TMS470_5.1.linkerID.DISPLAY_ERROR_NUMBER" value="true" valueType="boolean"/>
								<option id="com.ti.ccstudio.buildDefinitions.TMS470_5.1.linkerID.DIAG_WRAP.354450110" name="Wrap diagnostic messages (--diag_wrap)" superClass="com.ti.ccstudio.buildDefinitions.TMS470_5.1.linkerID.DIAG_WRAP" value="com.ti.ccstudio.buildDefinitions.TMS470_5.1.linkerID.DIAG_WRAP.off" valueType="enumerated"/>
								<option id="com.ti.ccstudio.buildDefinitions.TMS470_5.1.linkerID.XML_LINK_INFO.1563688905" name="Detailed link information data-base into &lt;file&gt; (--xml_link_info, -xml_link_info)" superClass="com.ti.ccstudio.buildDefinitions.TMS470_5.1.linkerID.XML_LINK_INFO" value="&quot;${ProjName}_linkInfo.xml&quot;" valueType="string"/>
								<option id="com.ti.ccstudio.buildDefinitions.TMS470_5.1.linkerID.LIBRARY.361439255" name="Include library file or command file as input (--library, -l)" superClass="com.ti.ccstudio.buildDefinitions.TMS470_5.1.linkerID.LIBRARY" valueType="libs">
									<listOptionValue builtIn="false" value="&quot;libc.a&quot;"/>
								</option>
								<inputType id="com.ti.ccstudio.buildDefinitions.TMS470_5.1.exeLinker.inputType__CMD_SRCS.1203365925" name="Linker Command Files" superClass="com.ti.ccstudio.buildDefinitions.TMS470_5.1.exeLinker.inputType__CMD_SRCS"/>
								<inputType id="com.ti.ccstudio.buildDefinitions.TMS470_5.1.exeLinker.inputType__CMD2_SRCS.162764408" name="Linker Command Files" superClass="com.ti.ccstudio.buildDefinitions.TMS470_5.1.exeLinker.inputType__CMD2_SRCS"/>
								<inputType id="com.ti.ccstudio.buildDefinitions.TMS470_5.1.exeLinker.inputType__GEN_CMDS.1871188539" name="Generated Linker Command Files" superClass="com.ti.ccstudio.buildDefinitions.TMS470_5.1.exeLinker.inputType__GEN_CMDS"/>
							</tool>
						</toolChain>
					</folderInfo>
					<sourceEntries>
						<entry excluding="tm4c123gh6pm.cmd|main.c" flags="VALUE_WORKSPACE_PATH|RESOLVED" kind="sourcePath" name=""/>
					</sourceEntries>
				</configuration>
			</storageModule>
			<storageModule moduleId="org.eclipse.cdt.core.externalSettings"/>
		</cconfiguration>
		<cconfiguration id="com.ti.ccstudio.buildDefinitions.TMS470.Release.1754668318">
			<storageModule buildSystemId="org.eclipse.cdt.managedbuilder.core.configurationDataProvider" id="com.ti.ccstudio.buildDefinitions.TMS470.Release.1754668318" moduleId="org.eclipse.cdt.core.settings" name="Release">
				<externalSettings/>
				<extensions>
					<extension id="com.ti.ccstudio.binaryparser.CoffParser" point="org.eclipse.cdt.core.BinaryParser"/>
					<extension id="com.ti.ccstudio.errorparser.CoffErrorParser" point="org.eclipse.cdt.core.ErrorParser"/>
					<extension id="com.ti.ccstudio.errorparser.LinkErrorParser" point="org.eclipse.cdt.core.ErrorParser"/>
					<extension id="com.ti.ccstudio.errorparser.AsmErrorParser" point="org.eclipse.cdt.core.ErrorParser"/>
				</extensions>
			</storageModule>
			<storageModule moduleId="cdtBuildSystem" version="4.0.0">
				<configuration artifactExtension="out" artifactName="${ProjName}" buildProperties="" cleanCommand="${CG_CLEAN_CMD}" description="" id="com.ti.ccstudio.buildDefinitions.TMS470.Release.1754668318" name="Release" parent="com.ti.ccstudio.buildDefinitions.TMS470.Release">
					<folderInfo id="com.ti.ccstudio.buildDefinitions.TMS470.Release.1754668318." name="/" resourcePath="">
						<toolChain id="com.ti.ccstudio.buildDefinitions.TMS470_5.0.exe.ReleaseToolchain.341997694" name="TI Build Tools" superClass="com.ti.ccstudio.buildDefinitions.TMS470_5.0.exe.ReleaseToolchain" targetTool="com.ti.ccstudio.buildDefinitions.TMS470_5.0.exe.linkerRelease.1810906775">
							<option id="com.ti.ccstudio.buildDefinitions.core.OPT_TAGS.634138324" superClass="com.ti.ccstudio.buildDefinitions.core.OPT_TAGS" valueType="stringList">
								<listOptionValue builtIn="false" value="DEVICE_CONFIGURATION_ID=Cortex M.TM4C123GH6PM"/>
								<listOptionValue builtIn="false" value="DEVICE_ENDIANNESS=little"/>
								<listOptionValue builtIn="false" value="OUTPUT_FORMAT=ELF"/>
								<listOptionValue builtIn="false" value="CCS_MBS_VERSION=5.1.0.01"/>
								<listOptionValue builtIn="false" value="LINKER_COMMAND_FILE=tm4c123gh6pm.cmd"/>
								<listOptionValue builtIn="false" value="RUNTIME_SUPPORT_LIBRARY=libc.a"/>
								<listOptionValue builtIn="false" value="OUTPUT_TYPE=executable"/>
							</option>
							<option id="com.ti.ccstudio.buildDefinitions.core.OPT_CODEGEN_VERSION.2023809872" name="Compiler version" superClass="com.ti.ccstudio.buildDefinitions.core.OPT_CODEGEN_VERSION" value="5.0.4" valueType="string"/>
							<targetPlatform id="com.ti.ccstudio.buildDefinitions.TMS470_5.0.exe.targetPlatformRelease.640326599" name="Platform" superClass="com.ti.ccstudio.buildDefinitions.TMS470_5.0.exe.targetPlatformRelease"/>
							<builder buildPath="${BuildDirectory}" id="com.ti.ccstudio.buildDefinitions.TMS470_5.0.exe.builderRelease.256564732" keepEnvironmentInBuildfile="false" name="GNU Make" superClass="com.ti.ccstudio.buildDefinitions.TMS470_5.0.exe.builderRelease"/>
							<tool id="com.ti.ccstudio.buildDefinitions.TMS470_5.0.exe.compilerRelease.1783917732" name="ARM Compiler" superClass="com.ti.ccstudio.buildDefinitions.TMS470_5.0.exe.compilerRelease">
								<option id="com.ti.ccstudio.buildDefinitions.TMS470_5.0.compilerID.SILICON_VERSION.806393795" name="Target processor version (--silicon_version, -mv)" superClass="com.ti.ccstudio.buildDefinitions.TMS470_5.0.compilerID.SILICON_VERSION" value="com.ti.ccstudio.buildDefinitions.TMS470_5.0.compilerID.SILICON_VERSION.7M4" valueType="enumerated"/>
								<option id="com.ti.ccstudio.buildDefinitions.TMS470_5.0.compilerID.CODE_STATE.1517574232" name="Designate code state, 16-bit (thumb) or 32-bit (--code_state)" superClass="com.ti.ccstudio.buildDefinitions.TMS470_5.0.compilerID.CODE_STATE" value="com.ti.ccstudio.buildDefinitions.TMS470_5.0.compilerID.CODE_STATE.16" valueType="enumerated"/>
								<option id="com.ti.ccstudio.buildDefinitions.TMS470_5.0.compilerID.ABI.331213034" name="Application binary interface. [See 'General' page to edit] (--abi)" superClass="com.ti.ccstudio.buildDefinitions.TMS470_5.0.compilerID.ABI" value="com.ti.ccstudio.buildDefinitions.TMS470_5.0.compilerID.ABI.eabi" valueType="enumerated"/>
								<option id="com.ti.ccstudio.buildDefinitions.TMS470_5.0.compilerID.FLOAT_SUPPORT.2080615276" name="Specify floating point support (--float_support)" superClass="com.ti.ccstudio.buildDefinitions.TMS470_5.0.compilerID.FLOAT_SUPPORT" value="com.ti.ccstudio.buildDefinitions.TMS470_5.0.compilerID.FLOAT_SUPPORT.FPv4SPD16" valueType="enumerated"/>
								<option id="com.ti.ccstudio.buildDefinitions.TMS470_5.0.compilerID.DIAG_WARNING.1917644849" name="Treat diagnostic &lt;id&gt; as warning (--diag_warning, -pdsw)" superClass="com.ti.ccstudio.buildDefinitions.TMS470_5.0.compilerID.DIAG_WARNING" valueType="stringList">
									<listOptionValue builtIn="false" value="225"/>
								</option>
								<option id="com.ti.ccstudio.buildDefinitions.TMS470_5.0.compilerID.DISPLAY_ERROR_NUMBER.1996696794" name="Emit diagnostic identifier numbers (--display_error_number, -pden)" superClass="com.ti.ccstudio.buildDefinitions.TMS470_5.0.compilerID.DISPLAY_ERROR_NUMBER" value="true" valueType="boolean"/>
								<option id="com.ti.ccstudio.buildDefinitions.TMS470_5.0.compilerID.DIAG_WRAP.1264680400" name="Wrap diagnostic messages (--diag_wrap)" superClass="com.ti.ccstudio.buildDefinitions.TMS470_5.0.compilerID.DIAG_WRAP" value="com.ti.ccstudio.buildDefinitions.TMS470_5.0.compilerID.DIAG_WRAP.off" valueType="enumerated"/>
								<option id="com.ti.ccstudio.buildDefinitions.TMS470_5.0.compilerID.INCLUDE_PATH.1141752871" name="Add dir to #include search path (--include_path, -I)" superClass="com.ti.ccstudio.buildDefinitions.TMS470_5.0.compilerID.INCLUDE_PATH" valueType="includePath">
									<listOptionValue builtIn="false" value="&quot;${CG_TOOL_ROOT}/include&quot;"/>
								</option>
								<option id="com.ti.ccstudio.buildDefinitions.TMS470_5.0.compilerID.LITTLE_ENDIAN.749494642" name="Little endian code [See 'General' page to edit] (--little_endian, -me)" superClass="com.ti.ccstudio.buildDefinitions.TMS470_5.0.compilerID.LITTLE_ENDIAN" value="true" valueType="boolean"/>
								<inputType id="com.ti.ccstudio.buildDefinitions.TMS470_5.0.compiler.inputType__C_SRCS.22104198" name="C Sources" superClass="com.ti.ccstudio.buildDefinitions.TMS470_5.0.compiler.inputType__C_SRCS"/>
								<inputType id="com.ti.ccstudio.buildDefinitions.TMS470_5.0.compiler.inputType__CPP_SRCS.538373761" name="C++ Sources" superClass="com.ti.ccstudio.buildDefinitions.TMS470_5.0.compiler.inputType__CPP_SRCS"/>
								<inputType id="com.ti.ccstudio.buildDefinitions.TMS470_5.0.compiler.inputType__ASM_SRCS.1151949593" name="Assembly Sources" superClass="com.ti.ccstudio.buildDefinitions.TMS470_5.0.compiler.inputType__ASM_SRCS"/>
								<inputType id="com.ti.ccstudio.buildDefinitions.TMS470_5.0.compiler.inputType__ASM2_SRCS.1707437120" name="Assembly Sources" superClass="com.ti.ccstudio.buildDefinitions.TMS470_5.0.compiler.inputType__ASM2_SRCS"/>
							</tool>
							<tool id="com.ti.ccstudio.buildDefinitions.TMS470_5.0.exe.linkerRelease.1810906775" name="ARM Linker" superClass="com.ti.ccstudio.buildDefinitions.TMS470_5.0.exe.linkerRelease">
								<option id="com.ti.ccstudio.buildDefinitions.TMS470_5.0.linkerID.MAP_FILE.1308232762" name="Input and output sections listed into &lt;file&gt; (--map_file, -m)" superClass="com.ti.ccstudio.buildDefinitions.TMS470_5.0.linkerID.MAP_FILE" value="&quot;${ProjName}.map&quot;" valueType="string"/>
								<option id="com.ti.ccstudio.buildDefinitions.TMS470_5.0.linkerID.STACK_SIZE.140554564" name="Set C system stack size (--stack_size, -stack)" superClass="com.ti.ccstudio.buildDefinitions.TMS470_5.0.linkerID.STACK_SIZE" value="512" valueType="string"/>
								<option id="com.ti.ccstudio.buildDefinitions.TMS470_5.0.linkerID.HEAP_SIZE.1488165127" name="Heap size for C/C++ dynamic memory allocation (--heap_size, -heap)" superClass="com.ti.ccstudio.buildDefinitions.TMS470_5.0.linkerID.HEAP_SIZE" value="0" valueType="string"/>
								<option id="com.ti.ccstudio.buildDefinitions.TMS470_5.0.linkerID.OUTPUT_FILE.851786665" name="Specify output file name (--output_file, -o)" superClass="com.ti.ccstudio.buildDefinitions.TMS470_5.0.linkerID.OUTPUT_FILE" value="&quot;${ProjName}.out&quot;" valueType="string"/>
								<option id="com.ti.ccstudio.buildDefinitions.TMS470_5.0.linkerID.XML_LINK_INFO.1961477987" name="Detailed link information data-base into &lt;file&gt; (--xml_link_info, -xml_link_info)" superClass="com.ti.ccstudio.buildDefinitions.TMS470_5.0.linkerID.XML_LINK_INFO" value="&quot;${ProjName}_linkInfo.xml&quot;" valueType="string"/>
								<option id="com.ti.ccstudio.buildDefinitions.TMS470_5.0.linkerID.DISPLAY_ERROR_NUMBER.683612491" name="Emit diagnostic identifier numbers (--display_error_number)" superClass="com.ti.ccstudio.buildDefinitions.TMS470_5.0.linkerID.DISPLAY_ERROR_NUMBER" value="true" valueType="boolean"/>
								<option id="com.ti.ccstudio.buildDefinitions.TMS470_5.0.linkerID.DIAG_WRAP.1862693836" name="Wrap diagnostic messages (--diag_wrap)" superClass="com.ti.ccstudio.buildDefinitions.TMS470_5.0.linkerID.DIAG_WRAP" value="com.ti.ccstudio.buildDefinitions.TMS470_5.0.linkerID.DIAG_WRAP.off" valueType="enumerated"/>
								<option id="com.ti.ccstudio.buildDefinitions.TMS470_5.0.linkerID.SEARCH_PATH.292035077" name="Add &lt;dir&gt; to library search path (--search_path, -i)" superClass="com.ti.ccstudio.buildDefinitions.TMS470_5.0.linkerID.SEARCH_PATH" valueType="libPaths">
									<listOptionValue builtIn="false" value="&quot;${CG_TOOL_ROOT}/lib&quot;"/>
									<listOptionValue builtIn="false" value="&quot;${CG_TOOL_ROOT}/include&quot;"/>
								</option>
								<option id="com.ti.ccstudio.buildDefinitions.TMS470_5.0.linkerID.LIBRARY.1242349968" name="Include library file or command file as input (--library, -l)" superClass="com.ti.ccstudio.buildDefinitions.TMS470_5.0.linkerID.LIBRARY" valueType="libs">
									<listOptionValue builtIn="false" value="&quot;libc.a&quot;"/>
								</option>
								<inputType id="com.ti.ccstudio.buildDefinitions.TMS470_5.0.exeLinker.inputType__CMD_SRCS.2038000478" name="Linker Command Files" superClass="com.ti.ccstudio.buildDefinitions.TMS470_5.0.exeLinker.inputType__CMD_SRCS"/>
								<inputType id="com.ti.ccstudio.buildDefinitions.TMS470_5.0.exeLinker.inputType__CMD2_SRCS.375600254" name="Linker Command Files" superClass="com.ti.ccstudio.buildDefinitions.TMS470_5.0.exeLinker.inputType__CMD2_SRCS"/>
								<inputType id="com.ti.ccstudio.buildDefinitions.TMS470_5.0.exeLinker.inputType__GEN_CMDS.137256225" name="Generated Linker Command Files" superClass="com.ti.ccstudio.buildDefinitions.TMS470_5.0.exeLinker.inputType__GEN_CMDS"/>
							</tool>
						</toolChain>
					</folderInfo>
					<sourceEntries>
						<entry excluding="grlib_demo_ccs.cmd|main.c" flags="VALUE_WORKSPACE_PATH|RESOLVED" kind="sourcePath" name=""/>
					</sourceEntries>
				</configuration>
			</storageModule>
			<storageModule moduleId="org.eclipse.cdt.core.externalSettings"/>
		</cconfiguration>
	</storageModule>
	<storageModule moduleId="org.eclipse.cdt.core.LanguageSettingsProviders"/>
	<storageModule moduleId="cdtBuildSystem" version="4.0.0">
		<project id="lab10.com.ti.ccstudio.buildDefinitions.TMS470.ProjectType.1858463789" name="ARM" projectType="com.ti.ccstudio.buildDefinitions.TMS470.ProjectType"/>
	</storageModule>
	<storageModule moduleId="scannerConfiguration"/>
	<storageModule moduleId="org.eclipse.cdt.core.language.mapping">
		<project-mappings>
			<content-type-mapping configuration="" content-type="org.eclipse.cdt.core.asmSource" language="com.ti.ccstudio.core.TIASMLanguage"/>
			<content-type-mapping configuration="" content-type="org.eclipse.cdt.core.cHeader" language="com.ti.ccstudio.core.TIGCCLanguage"/>
			<content-type-mapping configuration="" content-type="org.eclipse.cdt.core.cSource" language="com.ti.ccstudio.core.TIGCCLanguage"/>
			<content-type-mapping configuration="" content-type="org.eclipse.cdt.core.cxxHeader" language="com.ti.ccstudio.core.TIGPPLanguage"/>
			<content-type-mapping configuration="" content-type="org.eclipse.cdt.core.cxxSource" language="com.ti.ccstudio.core.TIGPPLanguage"/>
		</project-mappings>
	</storageModule>
</cproject>
