<?xml version="1.0" encoding="UTF-8"?>
<projectDescription>
	<name>lab10</name>
	<comment></comment>
	<projects>
	</projects>
	<buildSpec>
		<buildCommand>
			<name>org.eclipse.cdt.managedbuilder.core.genmakebuilder</name>
			<arguments>
			</arguments>
		</buildCommand>
		<buildCommand>
			<name>org.eclipse.cdt.managedbuilder.core.ScannerConfigBuilder</name>
			<triggers>full,incremental,</triggers>
			<arguments>
			</arguments>
		</buildCommand>
	</buildSpec>
	<natures>
		<nature>com.ti.ccstudio.core.ccsNature</nature>
		<nature>org.eclipse.cdt.core.cnature</nature>
		<nature>org.eclipse.cdt.managedbuilder.core.managedBuildNature</nature>
		<nature>org.eclipse.cdt.core.ccnature</nature>
		<nature>org.eclipse.cdt.managedbuilder.core.ScannerConfigNature</nature>
	</natures>
	<linkedResources>
		<link>
			<name>driverlib.lib</name>
			<type>1</type>
			<locationURI>PARENT-1-TIVAWARE_INSTALL/TivaWare_C_Series-1.1/driverlib/ccs/Debug/driverlib.lib</locationURI>
		</link>
		<link>
			<name>grlib.lib</name>
			<type>1</type>
			<locationURI>PARENT-1-TIVAWARE_INSTALL/TivaWare_C_Series-1.1/grlib/ccs/Debug/grlib.lib</locationURI>
		</link>
		<link>
			<name>ustdlib.c</name>
			<type>1</type>
			<locationURI>PARENT-1-TIVAWARE_INSTALL/TivaWare_C_Series-1.1/utils/ustdlib.c</locationURI>
		</link>
	</linkedResources>
</projectDescription>
